{ 
   "sucess" : true,
   "titleName" : "系统公告",
   "searchText" : "输入系统公告标题",
   "filterTabs" : [
       { "stext" : "未读的", "svalue" : "0", "sclass" : "on" },
       { "stext" : "已读的", "svalue" : "1", "sclass" : "" }
   ],
   "listData" : [
       { "stitle" : "公告标题xxx", "iid" : "1", "scontent" : "administrator    2017-03-07", "sflag" : 0 },
       { "stitle" : "公告标题xxx", "iid" : "2", "scontent" : "administrator    2017-03-07", "sflag" : 0 },
       { "stitle" : "公告标题xxx", "iid" : "3", "scontent" : "administrator    2017-03-07", "sflag" : 0 },
       { "stitle" : "公告标题xxx", "iid" : "4", "scontent" : "administrator    2017-03-07", "sflag" : 0 },
       { "stitle" : "公告标题xxx", "iid" : "5", "scontent" : "administrator    2017-03-07", "sflag" : 0 },
       { "stitle" : "公告标题xxx", "iid" : "6", "scontent" : "administrator    2017-03-07", "sflag" : 0 },
       { "stitle" : "公告标题xxx", "iid" : "7", "scontent" : "administrator    2017-03-07", "sflag" : 0 },
       { "stitle" : "公告标题xxx", "iid" : "8", "scontent" : "administrator    2017-03-07", "sflag" : 0 },
       { "stitle" : "公告标题xxx", "iid" : "9", "scontent" : "administrator    2017-03-07", "sflag" : 0 },
       { "stitle" : "公告标题xxx", "iid" : "10", "scontent" : "administrator    2017-03-07", "sflag" : 0 },
       { "stitle" : "公告标题xxx", "iid" : "11", "scontent" : "administrator    2017-03-07", "sflag" : 0 },
       { "stitle" : "公告标题xxx", "iid" : "12", "scontent" : "administrator    2017-03-07", "sflag" : 0 },
       { "stitle" : "公告标题xxx", "iid" : "13", "scontent" : "administrator    2017-03-07", "sflag" : 0 },
       { "stitle" : "公告标题xxx", "iid" : "14", "scontent" : "administrator    2017-03-07", "sflag" : 0 },
       { "stitle" : "公告标题xxx", "iid" : "15", "scontent" : "administrator    2017-03-07", "sflag" : 0 }

   ]
}